DATE,Q_mmd,prcp_mmd,T_mean_C,swe_mm
2009-10-01,0.72,2.8,5.08,1.7
2009-10-02,0.76,2.64,3.72,1.18
2009-10-03,0.74,4.82,3.14,1.54
2009-10-04,0.63,2.18,5.34,4.3
2009-10-05,0.58,0,5.32,2.96
2009-10-06,0.56,0,6.6,1.83
2009-10-07,0.56,0,6.29,0.98
2009-10-08,0.55,0.01,6.33,0.52
2009-10-09,0.54,0.12,6.15,0.28
2009-10-10,0.53,0.11,2.62,0.29
2009-10-11,0.51,0,1.11,0.28
2009-10-12,0.49,0.71,0.21,0.71
2009-10-13,0.46,5.36,0.55,2.2
2009-10-14,0.5,18.46,3.96,3.44
2009-10-15,1.01,0.76,6.53,1.94
2009-10-16,0.83,5.46,9.09,0.79
2009-10-17,0.96,18.32,8.2,0.24
2009-10-18,1.34,2.15,7.53,0.08
2009-10-19,1,1.91,6.31,0.04
2009-10-20,0.82,0.28,5.37,0.02
2009-10-21,0.75,9.7,4.82,0.03
2009-10-22,0.92,0.1,4.7,0.02
2009-10-23,1.26,21.36,5.14,0.01
2009-10-24,2.44,0.46,2.17,0.17
2009-10-25,1.49,4.55,2.16,0.21
2009-10-26,3.35,37.71,1.86,6.7
2009-10-27,4.19,6.22,-2.04,19.29
2009-10-28,2.58,1.24,-2.91,19.24
2009-10-29,2.22,17.32,1.35,22.95
2009-10-30,6.76,11.64,5.25,15.2
2009-10-31,11.94,13,3.48,6.96
2009-11-01,8.73,0.27,1.72,5.62
2009-11-02,5.99,0.13,2.31,4.69
2009-11-03,4.68,0.02,2.32,3.84
2009-11-04,3.93,0,3.84,2.87
2009-11-05,3.44,20.26,4,2.3
2009-11-06,4.26,20.02,0.21,13.6
2009-11-07,4.56,27.16,-0.83,31.29
2009-11-08,4.77,6.61,-1.23,45.06
2009-11-09,4.54,6.36,-0.3,46.77
2009-11-10,4.64,6.35,-0.53,50.06
2009-11-11,4.54,6.23,-1.37,57.23
2009-11-12,4.12,1.84,-1.67,58.32
2009-11-13,3.74,13.03,-3.2,64.76
2009-11-14,3.4,0.68,-3.93,71.82
2009-11-15,3.14,12.75,0.34,76.88
2009-11-16,3.6,22.14,2.5,77.2
2009-11-17,9.45,27.96,-0.11,85.68
2009-11-18,8.99,6.06,-2.98,93.71
2009-11-19,7.93,25.9,1.01,111.33
2009-11-20,8.42,15.42,0.28,119.14
2009-11-21,7.58,10.74,-2.94,127.97
2009-11-22,7.05,38.4,-1.84,158.77
2009-11-23,6.46,2.77,-0.42,172.67
2009-11-24,6.2,7.59,1.95,173.26
2009-11-25,7.28,0,2.6,169.67
2009-11-26,7.54,13.05,2.88,167.3
2009-11-27,8.92,3.95,-0.23,169.61
2009-11-28,8.19,2.25,-1.63,169.69
2009-11-29,7.12,0.87,0.32,170.42
2009-11-30,6.27,2.05,-0.18,169.68
2009-12-01,5.64,0.18,-1.85,170.36
2009-12-02,5.06,0,-4.76,169.6
2009-12-03,4.61,0,-4.56,169.24
2009-12-04,4.26,0.5,-3.14,169.27
2009-12-05,3.88,1.05,-4.86,169.71
2009-12-06,3.6,0.68,-10.04,170.72
2009-12-07,3.23,0,-14.3,170.12
2009-12-08,2.9,0,-13.13,169.92
2009-12-09,2.67,0,-11.25,169.85
2009-12-10,2.6,0,-9.43,169.77
2009-12-11,2.53,0.01,-6,169.64
2009-12-12,2.5,0.41,-4,169.62
2009-12-13,2.41,5.63,-5.48,171.17
2009-12-14,2.36,16.93,-2.88,180.61
2009-12-15,2.57,30.41,-0.12,206.66
2009-12-16,3.02,16.77,0.72,220.79
2009-12-17,4.14,2.06,0.84,226.69
2009-12-18,4.12,0.62,1.96,225.45
2009-12-19,4.37,5.03,2.86,222.02
2009-12-20,6.15,11.43,2.76,216.54
2009-12-21,10.62,17.64,-0.88,218.09
2009-12-22,10.62,1.3,-5.39,222.24
2009-12-23,8.35,0.04,-5.2,222.28
2009-12-24,6.91,0,-4.86,222.17
2009-12-25,5.92,0,-6.3,222.01
2009-12-26,5.19,0,-6.01,221.74
2009-12-27,4.64,0.83,-6.49,221.53
2009-12-28,4.26,1.11,-4.34,223.18
2009-12-29,3.95,2.84,-6.53,223.66
2009-12-30,3.72,3.68,-2.98,227.88
2009-12-31,3.58,22.07,-1.77,237.92
2010-01-01,4.05,25.33,1.05,255.14
2010-01-02,5.73,12.15,0.03,268.34
2010-01-03,5.92,0.8,0.31,270.25
2010-01-04,6.25,29.84,1.23,273.85
2010-01-05,12.34,5.47,2.93,272.83
2010-01-06,13.99,3.5,-2.02,269.08
2010-01-07,10.74,0.17,-5.22,268.12
2010-01-08,8.96,7.9,-1.53,269.15
2010-01-09,8.66,5.43,1.71,274.41
2010-01-10,8.14,0.34,1.19,272.39
2010-01-11,7.54,1.71,2.54,269.28
2010-01-12,7.68,16.31,1.83,267.61
2010-01-13,8.26,19.41,1.25,270.75
2010-01-14,8.66,2.72,0.37,276.67
2010-01-15,8.21,18.9,0.87,282.79
2010-01-16,8.42,3.69,1.4,289.46
2010-01-17,7.93,9.72,1.67,289.9
2010-01-18,7.53,3.55,1.89,291.5
2010-01-19,6.84,6.59,1.39,291.35
2010-01-20,6.18,4.96,-0.3,294.66
2010-01-21,5.6,1.08,-0.32,297.88
2010-01-22,5.12,1.59,-0.61,297.92
2010-01-23,4.63,2.4,-1.21,300.65
2010-01-24,4.28,18.14,-3.1,306.37
2010-01-25,4.16,5,-0.67,321.41
2010-01-26,3.91,1.95,-0.41,322.33
2010-01-27,3.68,0.13,-0.5,322.85
2010-01-28,3.47,0.03,-0.07,322.21
2010-01-29,3.3,2.64,0.76,322
2010-01-30,3.21,7.98,0.74,326.53
2010-01-31,3.11,2.39,0.15,327.86
2010-02-01,3,3.6,-1.09,327.75
2010-02-02,2.9,1.44,0.19,330.22
2010-02-03,2.81,5.32,-0.47,331.53
2010-02-04,2.76,4.43,0.25,334.19
2010-02-05,2.67,3.34,1.1,337.51
2010-02-06,2.6,3.25,0.99,336.76
2010-02-07,2.53,2.3,1.16,337.75
2010-02-08,2.46,0.22,0.29,336.71
2010-02-09,2.41,0.02,-0.78,336.03
2010-02-10,2.36,7.22,-2.41,337.47
2010-02-11,2.41,12.31,1.35,345.63
2010-02-12,2.67,13.4,0.58,353.07
2010-02-13,3.09,5.34,0.72,357.33
2010-02-14,3.37,9.1,1.66,356.62
2010-02-15,3.82,2.05,0.37,354.79
2010-02-16,4.05,7.3,1.85,355.7
2010-02-17,4.31,0,-1.12,353.39
2010-02-18,4.07,0,-0.95,352.46
2010-02-19,3.79,0,-1.91,351.72
2010-02-20,3.51,0.01,-2.67,351.07
2010-02-21,3.27,0,-2.68,350.52
2010-02-22,3.06,0,-0.12,349.99
2010-02-23,2.9,5.71,-0.45,350.49
2010-02-24,2.88,10.6,-0.09,359.78
2010-02-25,2.88,1.94,0.1,363.47
2010-02-26,2.83,18.32,1.46,368.45
2010-02-27,3.2,5.38,1.51,374.7
2010-02-28,3.2,0.01,1.37,372.58
2010-03-01,3.09,0,2.44,370.13
2010-03-02,3.04,4.58,2.34,366.92
2010-03-03,3.14,2.04,1.28,363.99
2010-03-04,3.11,0.08,0.94,362.22
2010-03-05,3,0,1.87,361.43
2010-03-06,2.88,0,2.08,360.4
2010-03-07,2.78,3.44,1.7,359.29
2010-03-08,2.72,1.62,-2.77,360.96
2010-03-09,2.6,0.61,-3.27,360.72
2010-03-10,2.53,3.1,-1.91,363.09
2010-03-11,2.5,21.83,-0.66,372.88
2010-03-12,2.83,16.77,-0.42,390.94
2010-03-13,3,2.55,-2.88,396.09
2010-03-14,2.79,0.01,-0.92,395.87
2010-03-15,2.71,0.17,3.31,394.16
2010-03-16,2.74,4.71,2.74,390.36
2010-03-17,2.86,3.61,-0.24,392.05
2010-03-18,2.81,0,1.35,391.31
2010-03-19,2.74,0,1.35,390.07
2010-03-20,2.65,0.67,3.45,388.52
2010-03-21,2.78,14.41,1.79,389.85
2010-03-22,3.27,5.64,-0.19,394.98
2010-03-23,3.18,0.01,3,394.55
2010-03-24,3.07,0,3.56,391.77
2010-03-25,3.11,11.99,1.36,392.15
2010-03-26,3.32,9.36,-0.66,403.49
2010-03-27,3.2,0,2,402.96
2010-03-28,3.21,19.62,1.9,404.79
2010-03-29,4.47,36.62,-0.01,427.77
2010-03-30,5.52,6.4,-2.62,442.31
2010-03-31,5.13,3.07,-2.94,444.53
2010-04-01,4.64,1.88,-2.27,446.25
2010-04-02,4.35,23.44,-2.45,457.47
2010-04-03,4.21,9.1,-2.99,474.56
2010-04-04,3.89,7.62,-1.7,478.93
2010-04-05,3.74,8.6,-1.33,487.31
2010-04-06,3.74,12.73,-1.88,500.17
2010-04-07,3.65,2.31,0.76,503.29
2010-04-08,4.19,19.9,-2.87,515.98
2010-04-09,4.28,5.18,-3.03,525.74
2010-04-10,4.03,0,-2.44,526.06
2010-04-11,3.84,2.23,1.71,526.33
2010-04-12,3.75,3.45,2.3,525.92
2010-04-13,3.79,3.66,1.49,523.94
2010-04-14,3.82,0,2.99,520.25
2010-04-15,3.88,2.55,3.82,514.71
2010-04-16,4.23,1.21,5.07,503.5
2010-04-17,5.08,1.18,4.6,489.39
2010-04-18,5.76,0,5.68,476.96
2010-04-19,6.23,1.79,7.3,463.04
2010-04-20,7.23,8.11,4.83,447.78
2010-04-21,7.74,12.01,1.19,445.93
2010-04-22,7.3,0.05,1.97,444.2
2010-04-23,6.55,2.68,3.95,439.79
2010-04-24,6.02,9.59,0.34,440.26
2010-04-25,5.48,0.31,3.31,440.53
2010-04-26,5.03,9.04,4.46,435.69
2010-04-27,5.08,10.94,2.79,427.83
2010-04-28,5.41,8.56,0.66,427.31
2010-04-29,5.24,6.89,0.68,430.59
2010-04-30,5.01,3.02,0.91,430.93
2010-05-01,4.96,11.63,0.99,433.77
2010-05-02,5.29,7.25,0.65,435.6
2010-05-03,6.86,29.21,-0.39,450.88
2010-05-04,7.96,7.07,-2.13,463.28
2010-05-05,6.88,4.02,-1.83,466.05
2010-05-06,5.81,1.9,0.84,467.56
2010-05-07,5.17,2.75,1.76,465.69
2010-05-08,4.68,1.82,3.2,461.96
2010-05-09,4.38,0.01,5.12,456.93
2010-05-10,4.42,15.27,2.78,457.27
2010-05-11,4.63,0.15,3.94,452.11
2010-05-12,4.57,0.21,5.58,440.85
2010-05-13,4.94,0.03,7.89,427.78
2010-05-14,5.57,0.33,9.56,412.28
2010-05-15,6.76,0,10.01,395.9
2010-05-16,7.86,2.44,11.8,378.05
2010-05-17,9.18,9.32,10.4,360.05
2010-05-18,10.9,8.27,5.83,342.88
2010-05-19,11.11,12.04,4.89,332.46
2010-05-20,10.83,7.15,1.22,330.39
2010-05-21,8.99,7.63,1.47,331.1
2010-05-22,7.42,5.99,1.61,333.24
2010-05-23,6.3,3.99,1.36,333.12
2010-05-24,5.54,0.55,4.15,330.44
2010-05-25,5.08,5.29,5.77,323.36
2010-05-26,5.05,14.06,4.5,313.82
2010-05-27,5.64,6.53,5.24,303.42
2010-05-28,6.58,19.36,2.62,297.9
2010-05-29,8.21,4.39,2.72,297.6
2010-05-30,7.7,2.22,4.77,290.82
2010-05-31,7.65,12.02,6.87,278.17
2010-06-01,9.08,4.7,6.14,265.36
2010-06-02,13.1,29.61,6.59,252.44
2010-06-03,17.46,4.76,4.61,240.79
2010-06-04,13.58,16.76,4.36,233.69
2010-06-05,12.1,0.31,8.2,223.09
2010-06-06,11.4,18.7,7.56,210.84
2010-06-07,12.21,3.36,7.07,197.43
2010-06-08,11.28,6.73,8.76,185.94
2010-06-09,10.98,13.73,6.36,172.8
2010-06-10,12.08,13.01,4.51,163.01
2010-06-11,12.92,0.84,5.98,154.06
2010-06-12,11.91,0,11.87,143.19
2010-06-13,11.77,0.07,11.25,130.12
2010-06-14,11.77,0.09,6.54,120.31
2010-06-15,10.09,5.3,3.29,115.68
2010-06-16,8.66,8.42,3.74,114.07
2010-06-17,7.7,1.86,4.99,109.22
2010-06-18,7.16,1.65,9.15,102.49
2010-06-19,7.23,9.16,7.81,93.91
2010-06-20,7.61,6.18,5.66,86.36
2010-06-21,7.58,0.5,6.96,79.47
2010-06-22,7.75,0.16,11.32,71.59
2010-06-23,8.12,0.52,14.04,61.85
2010-06-24,9.03,0.07,13.43,51.75
2010-06-25,9.08,0.16,12.03,42.75
2010-06-26,8.84,0.04,11.6,36.49
2010-06-27,8.08,0.33,12.7,31.33
2010-06-28,8.12,1.03,12.89,26.16
2010-06-29,8.29,0.31,8.04,21.94
2010-06-30,6.97,0.02,8.2,19.37
2010-07-01,6.22,4.05,7.64,17
2010-07-02,5.74,7.34,7.27,14.64
2010-07-03,5.4,0.07,7.31,11.83
2010-07-04,5.05,1.22,7.77,9.22
2010-07-05,4.8,0.19,7.29,6.65
2010-07-06,4.85,0,13.73,4.77
2010-07-07,5.19,0,17.49,2.99
2010-07-08,6.01,0,20.06,1.71
2010-07-09,6.58,0.02,19.93,0.85
2010-07-10,6.83,1.06,16.79,0.36
2010-07-11,6.57,0.11,15.81,0.13
2010-07-12,6.51,0.57,7.73,0.04
2010-07-13,5.27,0.19,7.97,0.02
2010-07-14,4.42,0,14.2,0.01
2010-07-15,4.37,0,16.23,0
2010-07-16,4.61,0,13.82,0
2010-07-17,4.42,0,13.3,0
2010-07-18,4.21,0.09,12.02,0
2010-07-19,4.07,0.02,13.11,0
2010-07-20,3.93,0.59,15.14,0
2010-07-21,3.95,0.13,16.52,0
2010-07-22,3.98,0.14,11.86,0
2010-07-23,3.6,0,15.68,0
2010-07-24,3.49,0,19.37,0
2010-07-25,3.56,0,19.15,0
2010-07-26,3.46,0,18.53,0
2010-07-27,3.27,0,18.82,0
2010-07-28,3.04,0.15,18.77,0
2010-07-29,3.07,0.03,17.68,0
2010-07-30,2.97,0.04,17,0
2010-07-31,2.9,2.42,14.09,0
2010-08-01,2.78,0.27,14.61,0
2010-08-02,2.67,0.02,15.77,0
2010-08-03,2.51,0.44,16.3,0
2010-08-04,2.44,0.54,18.07,0
2010-08-05,2.41,1.64,18.53,0
2010-08-06,2.39,0.02,15.9,0
2010-08-07,2.3,1.01,13.07,0
2010-08-08,2.15,0.72,13.11,0
2010-08-09,2.1,0.14,11.5,0
2010-08-10,1.99,0.25,11.47,0
2010-08-11,1.85,0.04,13.61,0
2010-08-12,1.78,0,15.17,0
2010-08-13,1.83,0,17.72,0
2010-08-14,1.82,0,19.39,0
2010-08-15,1.82,0,20.96,0
2010-08-16,1.8,0,21.99,0
2010-08-17,1.85,0,21.08,0
2010-08-18,1.8,0,15.91,0
2010-08-19,1.68,0.04,11.91,0
2010-08-20,1.62,0,12.1,0
2010-08-21,1.52,0.11,11.02,0
2010-08-22,1.37,1.5,8.6,0
2010-08-23,1.29,0,12.68,0
2010-08-24,1.28,0,17.92,0
2010-08-25,1.33,0,20.83,0
2010-08-26,1.39,0.51,12.13,0
2010-08-27,1.35,0.36,8.46,0
2010-08-28,1.2,0.73,9.3,0
2010-08-29,1.14,0.16,8.32,0
2010-08-30,1.07,0.37,9.01,0
2010-08-31,1.08,21.44,6.67,0
2010-09-01,2.37,7,9.86,0
2010-09-02,1.83,0,12.83,0
2010-09-03,1.49,0.07,16.16,0
2010-09-04,1.37,0.07,9.32,0
2010-09-05,1.23,0.92,6.45,0
2010-09-06,1.13,1.21,8.06,0
2010-09-07,1.15,10.67,9.38,0
2010-09-08,1.47,6.61,7.84,0
2010-09-09,1.63,2.31,7.31,0
2010-09-10,1.58,0.32,6.93,0
2010-09-11,1.33,0.02,9.07,0
2010-09-12,1.19,0.03,11.29,0
2010-09-13,1.15,0.04,12.65,0
2010-09-14,1.22,0.4,12.94,0
2010-09-15,1.24,2.78,12.69,0
2010-09-16,1.64,7.46,11.55,0
2010-09-17,2.1,23.44,10.96,0
2010-09-18,2.23,22.04,12.79,0
2010-09-19,2.67,15.08,10.29,0
2010-09-20,3.18,15.6,7.85,0
2010-09-21,3.74,0.01,7.3,0
2010-09-22,2.93,0.18,8.46,0
2010-09-23,2.46,5.56,6.33,0
2010-09-24,2.34,0.15,9.24,0
2010-09-25,2.08,0,13.32,0
2010-09-26,1.99,4.04,11.38,0
2010-09-27,2.17,0.43,14.45,0
2010-09-28,1.99,1.11,13.35,0
2010-09-29,1.89,0.03,13.19,0
2010-09-30,1.67,0,14.09,0
2010-10-01,1.59,0,14.61,0
2010-10-02,1.44,0.02,13.52,0
2010-10-03,1.36,0.73,9.7,0
2010-10-04,1.27,0.27,5.14,0
2010-10-05,1.18,0.02,7.59,0
2010-10-06,1.11,0,10.39,0
2010-10-07,1.08,0.35,9.66,0
2010-10-08,1.05,0.55,8.92,0
2010-10-09,1.19,19.55,9.2,0
2010-10-10,5.08,15.5,7.59,0
2010-10-11,4.4,0.1,4.02,0.02
2010-10-12,2.88,0,7.18,0.02
2010-10-13,2.3,0,9.39,0.01
2010-10-14,2.01,0.42,9.17,0
2010-10-15,1.82,0.09,3.63,0.03
2010-10-16,1.64,0,4.16,0.02
2010-10-17,1.5,0,4.62,0.02
2010-10-18,1.39,0,6,0.01
2010-10-19,1.3,0,7.79,0.01
2010-10-20,1.24,0,8.97,0
2010-10-21,1.2,0.21,8.85,0
2010-10-22,1.17,0.84,6.05,0
2010-10-23,1.13,12.84,4.99,1.13
2010-10-24,1.51,26.06,2.52,5.06
2010-10-25,3,32.27,0.84,21.76
2010-10-26,3.65,22.48,-0.29,37.27
2010-10-27,3.56,1.49,1.91,45.08
2010-10-28,3.35,9.88,2.3,41.53
2010-10-29,3.44,4.09,2.6,38.15
2010-10-30,3.42,8.27,1.74,34.08
2010-10-31,3.89,9.62,2.65,32.85
2010-11-01,5.38,28.71,5.17,28.59
2010-11-02,15.84,0.35,5.73,21.46
2010-11-03,10.41,0,5.58,16.38
2010-11-04,8.05,0,7.96,11.69
2010-11-05,7.12,0.97,7.58,7.24
2010-11-06,6.5,18.77,6.22,4.03
2010-11-07,8.07,11.83,2.78,3.25
2010-11-08,7.09,2.96,-0.59,4.84
2010-11-09,6.01,12.34,-1.02,9.83
2010-11-10,5.31,1.39,0.16,16.42
2010-11-11,4.73,5.72,0.53,15.61
2010-11-12,4.44,1.61,-0.57,18.36
2010-11-13,4.1,6.05,0.95,18.82
2010-11-14,4.64,7.6,3.54,14.39
2010-11-15,5.83,19.73,3.4,8.46
2010-11-16,11.75,15.72,0.6,13.98
2010-11-17,10.69,30.01,-0.71,24.45
2010-11-18,9.95,10.48,-3.18,49.06
2010-11-19,8.33,5.34,-3.65,53.28
2010-11-20,7.12,0.87,-4.47,57.08
2010-11-21,6.15,7.33,-5.11,59.52
2010-11-22,5.5,20.89,-7.35,72.79
2010-11-23,4.92,2.29,-15.67,87.42
2010-11-24,4.33,0.14,-17.31,87.53
2010-11-25,4.02,1.68,-5.23,88.64
2010-11-26,3.86,13.58,-1.9,95.78
2010-11-27,3.75,5.37,-3.21,106.2
2010-11-28,3.53,1.22,-4.86,108.79
2010-11-29,3.3,2.57,-5.2,109.73
2010-11-30,3.53,32.99,-0.82,128.72
2010-12-01,4.44,6.07,-0.02,144.05
2010-12-02,4.35,0.7,-2.34,145.77
2010-12-03,4.05,0.13,-4.62,146.07
2010-12-04,3.75,0.07,-5.35,145.92
2010-12-05,3.49,0.29,-3.95,145.78
2010-12-06,3.28,0.05,-1.34,145.75
2010-12-07,3.14,5.22,0.62,146.18
2010-12-08,3.44,15.34,0.61,152.16
2010-12-09,4.54,33.36,0.73,163.2
2010-12-10,6.15,8.38,-1.33,179.39
2010-12-11,6.04,34.88,-1.44,189.1
2010-12-12,12.41,24.16,3.86,193.82
2010-12-13,26.89,8.18,2.34,186.21
2010-12-14,22.7,25.81,-1.56,197.12
2010-12-15,16.83,5.21,-4.78,207.45
2010-12-16,12.45,1.12,-4.83,210.83
2010-12-17,10.13,0.05,-5.96,210.93
2010-12-18,8.57,5.52,-5.09,214.27
2010-12-19,7.4,4.06,-5.11,218.3
2010-12-20,6.46,2.73,-4.45,221.57
2010-12-21,5.69,1.32,-3.1,223.76
2010-12-22,5.1,2.37,-2.17,225.72
2010-12-23,4.59,1.54,-1.86,227.06
2010-12-24,4.26,5.81,-0.91,228.9
2010-12-25,4.47,8.1,0.93,234.2
2010-12-26,4.37,12.37,-1.96,240.18
2010-12-27,4.17,23.62,-3.03,255.01
2010-12-28,4.78,19.29,-0.4,279.19
2010-12-29,4.87,11.58,-6.14,293.43
2010-12-30,4.4,0.18,-12.62,297.4
2010-12-31,3.95,0,-16.14,297.16
2011-01-01,3.67,0,-12.66,297.1
2011-01-02,3.46,0,-9.6,297.12
2011-01-03,3.25,0,-8.41,297.12
2011-01-04,3.07,0.99,-3.66,297.27
2011-01-05,2.95,14,-2.16,303.28
2011-01-06,3.06,5.4,1.16,313.05
2011-01-07,3.42,10.27,0.18,315.6
2011-01-08,3.95,7.08,-5.56,322.11
2011-01-09,3.81,4.09,-7.34,327.65
2011-01-10,3.54,0.11,-9.82,329.02
2011-01-11,3.27,2.68,-11.07,329.03
2011-01-12,3.81,42.22,-2.01,351.27
2011-01-13,11.16,29.52,2.09,377.1
2011-01-14,17.46,13.27,3.03,372.91
2011-01-15,19.91,24.81,2.66,366.46
2011-01-16,33.35,64.01,3.09,358.51
2011-01-17,43.65,23.58,0.5,357.93
2011-01-18,34.57,5.12,-3.1,362.88
2011-01-19,21.48,0.01,-4.45,365.56
2011-01-20,14.65,5.39,-2.87,367.46
2011-01-21,13.38,15.12,0.7,377.85
2011-01-22,14.13,0.21,0.21,382.23
2011-01-23,11.66,1.45,1.32,382.3
2011-01-24,10.09,5.47,2.43,382.97
2011-01-25,9.9,1.97,1.8,381.84
2011-01-26,9.22,0,5.84,378.87
2011-01-27,8.43,0,6.78,376.42
2011-01-28,7.86,6.15,1.81,376.11
2011-01-29,7.7,8.05,1.31,380.32
2011-01-30,7.54,5.31,0.47,381.14
2011-01-31,6.97,1.95,-2.04,383.02
2011-02-01,6.2,0,-7.1,382.32
2011-02-02,5.62,0,-3,381.81
2011-02-03,5.24,3.55,2.01,382.86
2011-02-04,6.34,16.59,1.08,390.56
2011-02-05,8.22,1.07,-1.05,396.86
2011-02-06,7.54,9.62,1.05,398.65
2011-02-07,7.77,18.42,-1.86,410.09
2011-02-08,7.19,1.27,-2.67,417.59
2011-02-09,6.34,0.14,-4.45,417.64
2011-02-10,5.69,0,-1.64,417.46
2011-02-11,5.22,0.03,2,417.35
2011-02-12,4.82,17.22,1.02,419.92
2011-02-13,4.84,3.58,-0.22,434.07
2011-02-14,4.68,14.74,0.35,437.57
2011-02-15,4.96,10.68,-1.85,450.91
2011-02-16,4.7,3.29,-5.39,457.01
2011-02-17,4.4,1.93,-5.53,459.66
2011-02-18,4.1,0.4,-6.18,460.53
2011-02-19,3.77,0.01,-5.04,460.63
2011-02-20,3.51,0.2,-5.05,460.52
2011-02-21,3.3,5.05,-3.89,461.58
2011-02-22,3.16,14.03,-5.64,473.79
2011-02-23,3,9.83,-7.22,484.95
2011-02-24,2.83,2.71,-10.52,490.4
2011-02-25,2.57,0,-14.88,491.21
2011-02-26,2.43,2.59,-13.25,491.36
2011-02-27,2.43,22.04,-5.7,501.6
2011-02-28,2.58,38.63,-3.51,540.9
2011-03-01,2.6,13.48,-2.07,562.66
2011-03-02,2.55,10.75,-1.23,573.64
2011-03-03,2.55,9.63,-2.84,583.12
2011-03-04,2.46,6.42,-2.74,588.27
2011-03-05,2.32,2.16,-1.2,594.77
2011-03-06,2.29,0.02,-2.89,594.84
2011-03-07,2.23,0.58,-3.53,594.9
2011-03-08,2.18,7.05,-1.64,600.31
2011-03-09,2.43,29.31,0.99,611.54
2011-03-10,4.68,36.15,0.27,636.92
2011-03-11,5.71,1.51,-1.02,647.8
2011-03-12,4.96,4.2,-1.11,649.61
2011-03-13,4.49,16.3,0.48,655.33
2011-03-14,4.71,10.06,0.44,666.69
2011-03-15,4.85,20.71,1.09,672.38
2011-03-16,5.57,7,-1.6,682.5
2011-03-17,5.27,1.6,-2.19,685.3
2011-03-18,4.75,8.99,-1.88,689.23
2011-03-19,4.31,0.78,-2.14,694.34
2011-03-20,3.89,4.7,-1.6,695.86
2011-03-21,3.58,4.05,-0.52,700.36
2011-03-22,3.34,2.16,-2.27,703.16
2011-03-23,3.11,0.93,-1.17,703.74
2011-03-24,2.95,8.57,0.8,705.8
2011-03-25,2.95,6.82,-0.26,716.06
2011-03-26,2.85,9.46,-0.63,720.27
2011-03-27,2.79,9.07,-0.8,727.88
2011-03-28,2.76,2.12,-0.16,731.59
2011-03-29,2.85,17.74,0.38,737.61
2011-03-30,6.15,35.56,2.29,749.56
2011-03-31,18.68,20.62,2.56,747.69
2011-04-01,22.18,7.47,2.77,739.41
2011-04-02,17.13,16.4,-1.48,743.07
2011-04-03,13.67,1.71,-1.41,749.51
2011-04-04,11.4,30.7,-0.54,761.91
2011-04-05,10.58,19.39,-1.58,786.17
2011-04-06,9.78,10.42,-2.62,804.32
2011-04-07,8.57,0.84,-3.21,806.71
2011-04-08,7.61,0.02,-1.81,806.63
2011-04-09,6.88,0.5,-0.33,806.4
2011-04-10,6.27,6.71,0.95,808.24
2011-04-11,6.15,11.67,-1.22,818.02
2011-04-12,5.83,0.18,-0.54,819.66
2011-04-13,5.48,5.3,-0.91,821.2
2011-04-14,5.24,21.21,-1.29,832.88
2011-04-15,5.24,14.33,0.71,848.69
2011-04-16,5.67,4.51,1.38,850.51
2011-04-17,6.15,0.75,-2.3,847.57
2011-04-18,5.87,4.64,-2.59,849.35
2011-04-19,5.41,0.36,-1.85,851.69
2011-04-20,4.99,0.38,-0.7,851.32
2011-04-21,4.68,6.44,-2.52,853.97
2011-04-22,4.38,0.13,-0.2,856.83
2011-04-23,4.14,0,2.01,855.41
2011-04-24,4.12,6.38,1.46,855.55
2011-04-25,4.33,19.39,-0.12,863.48
2011-04-26,4.8,8.36,0.36,874.44
2011-04-27,4.84,14.05,-0.04,876.92
2011-04-28,4.94,7.33,-1.34,889.16
2011-04-29,4.66,1.25,-0.81,891.41
2011-04-30,4.44,0.49,-0,891.15
2011-05-01,4.3,0,3.43,889.07
2011-05-02,4.38,10.16,1.65,888.04
2011-05-03,4.7,5.72,0.69,890.55
2011-05-04,4.77,0.01,4.8,884.91
2011-05-05,5.12,2.45,3.06,875.82
2011-05-06,5.43,6.26,2.04,869
2011-05-07,5.92,8.56,1.27,865.79
2011-05-08,6.36,4.76,0.74,863.01
2011-05-09,6.18,0.15,2.4,858.04
2011-05-10,6.01,0.06,5,844.95
2011-05-11,6.62,6.58,3.71,829.36
2011-05-12,7.21,0.48,2.07,822.44
2011-05-13,7.07,0.02,5.36,814.61
2011-05-14,7.14,30.49,6.98,795.41
2011-05-15,15.94,34.17,1.63,792.03
2011-05-16,17.3,2.8,1.23,794.56
2011-05-17,12.94,0.56,2.91,790.57
2011-05-18,10.41,0.51,4.42,782.51
2011-05-19,9.18,0.01,5.75,771.34
2011-05-20,8.73,0.14,7.05,756.35
2011-05-21,9.67,3.66,3.75,740.56
2011-05-22,9.29,1.48,3.01,729.05
2011-05-23,8.84,1.06,3.37,719.34
2011-05-24,8.24,0.06,5.62,707.03
2011-05-25,8.28,13.01,3.63,694.43
2011-05-26,8.75,9.46,1.79,690.08
2011-05-27,8.36,8.5,1.67,688.86
2011-05-28,7.72,5.84,1.97,683.99
2011-05-29,7.02,1.34,3.18,676.35
2011-05-30,6.37,5.19,3.96,664.26
2011-05-31,6.3,10.77,4.49,651.13
2011-06-01,7.21,12.71,3.85,637.13
2011-06-02,8.05,5.75,3.2,625.61
2011-06-03,8.29,0.05,7.89,612.14
2011-06-04,8.56,0,11.3,592.78
2011-06-05,10.09,0.14,12.49,568.4
2011-06-06,12.41,0.38,9.87,541.51
2011-06-07,13.65,4.49,4.51,519.14
2011-06-08,12.29,3.46,4.32,506.71
2011-06-09,10.81,1.29,8.32,489.47
2011-06-10,10.98,0.35,7.98,468.32
2011-06-11,11.42,0.18,7.06,449.08
2011-06-12,10.72,1.92,7.35,433.04
2011-06-13,10.27,4.1,6.8,415.26
2011-06-14,10.42,0.94,5.72,398.27
2011-06-15,10.06,7,3.94,386.15
2011-06-16,9.06,0.03,5.62,374.19
2011-06-17,8.17,0.02,8.14,357.97
2011-06-18,8.82,8.29,5.75,341.36
2011-06-19,10.72,1.81,5.72,325.79
2011-06-20,10.51,0.17,8.3,308.07
2011-06-21,9.95,0,11.87,287.43
2011-06-22,10.88,1.15,11.44,265.17
2011-06-23,12.14,2.1,5.39,245.49
2011-06-24,10.51,2.54,5.64,233.78
2011-06-25,9.15,0.01,7.2,221.07
2011-06-26,8.56,0,10.55,206.39
2011-06-27,8.68,0.03,13.84,188.56
2011-06-28,9.76,1.97,12.95,168.44
2011-06-29,11.35,6.94,8.43,146.45
2011-06-30,11.49,4.5,5.85,132.06
2011-07-01,9.81,0,11.31,119.66
2011-07-02,9.27,0.01,14.36,104.9
2011-07-03,10.46,0.46,9.68,92.12
2011-07-04,9.69,0,11.93,83.46
2011-07-05,9.15,0,14.7,73.65
2011-07-06,9.88,0,16.09,62.84
2011-07-07,10.9,0.41,10.78,53.3
2011-07-08,9.81,0.34,7,46.62
2011-07-09,7.89,0,10.38,41.57
2011-07-10,7.07,0.23,12.11,35.66
2011-07-11,6.88,2.31,12.11,30.3
2011-07-12,7.05,3.1,9.81,25.46
2011-07-13,6.83,2.96,9.19,21.88
2011-07-14,6.57,1.54,8.49,18.98
2011-07-15,6.06,0.28,11.79,15.97
2011-07-16,6.41,5.32,11.16,12.82
2011-07-17,6.64,7.04,11.04,10.17
2011-07-18,6.27,0.42,13.01,7.61
2011-07-19,6.32,3.76,9.32,5.59
2011-07-20,5.95,0.14,9.91,4.11
2011-07-21,5.9,4.08,8.82,2.96
2011-07-22,5.78,0.05,9.72,2.17
2011-07-23,5.36,0,14.46,1.44
2011-07-24,5.26,0.08,17.84,0.76
2011-07-25,6.02,2.76,12.36,0.35
2011-07-26,5.69,0.19,10,0.16
2011-07-27,5.29,0.24,10.93,0.08
2011-07-28,4.99,0,13.82,0.04
2011-07-29,5.01,0,14.48,0.01
2011-07-30,4.94,0,14.95,0
2011-07-31,4.94,0.21,13.34,0
2011-08-01,4.64,0,15.2,0
2011-08-02,4.33,0,15.46,0
2011-08-03,4.26,0,15.31,0
2011-08-04,4.24,0.01,15.31,0
2011-08-05,4.21,0.1,13.26,0
2011-08-06,3.96,0.13,13.46,0
2011-08-07,3.81,0.02,13.54,0
2011-08-08,3.68,0,13.47,0
2011-08-09,3.54,0.11,11.68,0
2011-08-10,3.28,0.06,11.3,0
2011-08-11,3.09,0,12.87,0
2011-08-12,3.04,0,14.45,0
2011-08-13,2.9,0,12.9,0
2011-08-14,2.71,0.05,11.57,0
2011-08-15,2.53,0.05,11.28,0
2011-08-16,2.41,0,13.83,0
2011-08-17,2.27,0,14.17,0
2011-08-18,2.22,0,13.31,0
2011-08-19,2.18,0,15.19,0
2011-08-20,2.22,0,19.34,0
2011-08-21,2.27,0,20.18,0
2011-08-22,2.34,1.29,15.3,0
2011-08-23,2.44,1.71,15.47,0
2011-08-24,2.44,0.01,17.5,0
2011-08-25,2.3,0.09,18.4,0
2011-08-26,2.22,0.01,18.75,0
2011-08-27,2.13,0,18.82,0
2011-08-28,2.04,0.08,18.49,0
2011-08-29,1.96,0.03,14.43,0
2011-08-30,1.9,0.2,10.73,0
2011-08-31,1.76,0.28,7.68,0
2011-09-01,1.54,0,11.04,0
2011-09-02,1.43,0.01,11.89,0
2011-09-03,1.34,0,14.62,0
2011-09-04,1.28,0,17.39,0
2011-09-05,1.28,0,17.55,0
2011-09-06,1.28,0,18.15,0
2011-09-07,1.26,0,20.83,0
2011-09-08,1.28,0.79,21.24,0
2011-09-09,1.29,0,20.69,0
2011-09-10,1.35,0,21.93,0
2011-09-11,1.37,0,22.58,0
2011-09-12,1.33,0,19.2,0
2011-09-13,1.3,0,16.02,0
2011-09-14,1.28,0.04,13.41,0
2011-09-15,1.18,1.16,8.24,0
2011-09-16,1.12,0.36,7.83,0
2011-09-17,1.23,5.03,7.28,0
2011-09-18,1.52,8.54,10.2,0
2011-09-19,2.03,1.74,11.01,0
2011-09-20,1.63,0,13.29,0
2011-09-21,1.4,0,15.81,0
2011-09-22,1.29,0,15.96,0
2011-09-23,1.23,0,16.89,0
2011-09-24,1.31,1.03,18.04,0
2011-09-25,1.15,5.04,9.73,0
2011-09-26,1.12,16.94,7.02,0
2011-09-27,2.5,9.33,8.11,0
2011-09-28,2.18,0.03,8.11,0
2011-09-29,1.71,0,12.42,0
2011-09-30,1.53,0.1,13.78,0
2011-10-01,1.35,4.55,9.02,0
2011-10-02,1.24,3.86,8.71,0
2011-10-03,1.2,6.5,7.53,0
2011-10-04,1.2,5,6.14,0
2011-10-05,1.17,6.73,4.07,0.48
2011-10-06,1.25,4.67,4.35,1.88
2011-10-07,1.2,5.91,4.86,0.99
2011-10-08,1.21,0.37,7.64,0.47
2011-10-09,1.14,1.44,7.37,0.24
2011-10-10,1.14,13.68,6.09,0.12
2011-10-11,2.88,28.15,5.43,0.22
2011-10-12,4.42,2.94,4.47,0.15
2011-10-13,3.13,0.04,5.47,0.1
2011-10-14,2.43,0.88,6.32,0.09
2011-10-15,2.06,0.08,7.12,0.06
2011-10-16,1.8,0.04,6.22,0.03
2011-10-17,1.61,0,7.05,0.02
2011-10-18,1.46,0,8.09,0.01
2011-10-19,1.36,0.39,7.79,0
2011-10-20,1.28,1.06,6.91,0
2011-10-21,1.22,4.68,6.51,0
2011-10-22,1.85,27.4,7.94,0
2011-10-23,4.45,1.27,6.07,0
2011-10-24,3.39,0.93,2.09,0.29
2011-10-25,2.64,0,2.29,0.37
2011-10-26,2.25,0.73,1.34,0.41
2011-10-27,1.97,0.1,2.27,0.8
2011-10-28,1.83,13.78,2.91,1.28
2011-10-29,2.36,0.6,2.47,2.42
2011-10-30,2.3,8.6,4.96,1.68
2011-10-31,2.92,3.39,0.68,1.92
2011-11-01,2.67,0.01,0.57,2.31
2011-11-02,2.43,6.51,2.16,2.54
2011-11-03,2.37,3.27,-0.69,9.32
2011-11-04,2.18,0.18,-2.41,8.95
2011-11-05,2.03,0.16,-1.87,8.46
2011-11-06,1.9,0.02,-0.67,7.76
2011-11-07,1.8,2.41,-0.17,7.85
2011-11-08,1.73,0.25,0.75,7.96
2011-11-09,1.68,0.34,2.5,6.72
2011-11-10,1.63,0,3.69,5.14
2011-11-11,1.52,14.52,1.17,7.73
2011-11-12,1.61,14.12,-2.32,22.22
2011-11-13,1.83,16.86,-0.13,35.54
2011-11-14,2.2,10.53,-1.47,46.24
2011-11-15,2.2,1.16,-4.45,49.37
2011-11-16,2.04,26.89,-3.38,55.88
2011-11-17,3.34,26.42,-2.41,81.51
2011-11-18,3.53,4.43,-6.15,94.76
2011-11-19,3.04,2.55,-8.78,96.92
2011-11-20,2.67,0,-9.55,97.91
2011-11-21,2.48,15.64,-2.44,104.17
2011-11-22,4.07,74.65,1.72,136.66
2011-11-23,15.3,30.04,1.16,153.65
2011-11-24,15.1,20.04,-1.86,163.58
2011-11-25,10.23,6.87,-3.82,183.31
2011-11-26,7.72,0.5,0.2,184.33
2011-11-27,6.97,16.62,1.25,187.48
2011-11-28,8.1,0.15,-2.27,192.7
2011-11-29,6.98,3.53,-2.19,192.8
2011-11-30,5.99,3.91,-2.86,199.36
2011-12-01,5.05,0.01,-3.47,199.29
2011-12-02,4.47,0.25,-5.25,199.43
2011-12-03,3.96,0.01,-5.15,199.41
2011-12-04,3.6,0,-4.61,199.43
2011-12-05,3.3,0,-4.08,199.4
2011-12-06,3.04,0,-0.92,199.37
2011-12-07,2.83,0.01,-2.79,199.38
2011-12-08,2.64,0,-3.21,199.4
2011-12-09,2.48,0,-2.77,199.36
2011-12-10,2.36,0.05,-2.1,199.23
2011-12-11,2.25,0.15,-4.99,199.3
2011-12-12,2.13,0,-7.71,199.26
2011-12-13,2.01,0.11,-5.55,199.2
2011-12-14,1.94,1.08,-1.77,199.37
2011-12-15,1.89,5.53,-1.08,203.69
2011-12-16,1.8,0.11,1.74,205.46
2011-12-17,1.73,0,4.79,204.72
2011-12-18,1.71,2.06,0.22,205.29
2011-12-19,1.68,0.06,-1.63,205.67
2011-12-20,1.65,3.99,-1.12,207.24
2011-12-21,1.62,0.23,-4.15,209.5
2011-12-22,1.55,0,-4.36,209.35
2011-12-23,1.51,1.35,-1.05,210.12
2011-12-24,1.49,0.14,1.68,210.65
2011-12-25,1.51,11.91,-0.86,215.02
2011-12-26,1.58,3.48,-2.6,222.73
2011-12-27,1.62,29.96,-0.02,235.43
2011-12-28,8.14,58.47,2.09,254.02
2011-12-29,21.13,23.73,0.36,266.91
2011-12-30,21.83,29.11,-1.31,286.07
2011-12-31,16.71,1.7,-5.65,293.64
2012-01-01,11.51,1.17,-2.54,294.75
2012-01-02,9.11,7.16,-1,296.27
2012-01-03,7.84,1.18,1.23,300.88
2012-01-04,6.83,17.12,2.04,301.78
2012-01-05,7.42,9.09,-1.69,308.32
2012-01-06,6.77,0.89,-4.92,310.88
2012-01-07,5.92,0.54,-2.24,311.78
2012-01-08,5.24,0.01,1.16,311.82
2012-01-09,4.75,6.71,1.5,312.62
2012-01-10,4.47,1.85,-3.57,318.46
2012-01-11,4.07,0,-7.16,318.07
2012-01-12,3.77,0,-3.58,317.75
2012-01-13,3.51,0,2.1,317.71
2012-01-14,3.34,10.91,-3.91,321.7
2012-01-15,3.16,5.37,-8.39,331.81
2012-01-16,2.95,7.09,-9.35,336.1
2012-01-17,2.85,20.5,-7.62,353.05
2012-01-18,2.88,42.67,-3.22,385.5
2012-01-19,4.59,31.42,0.86,412.17
2012-01-20,6.6,17.21,0.67,425.92
2012-01-21,8.89,24.79,-1.61,443.05
2012-01-22,9.01,12.63,-3.52,456.24
2012-01-23,7.49,0.73,-3.86,464.27
2012-01-24,6.55,30.76,-1.48,474.75
2012-01-25,9.46,18.67,-0.4,499.11
2012-01-26,10.93,14.74,-2.74,513.37
2012-01-27,9.69,0.02,-4.86,514.95
2012-01-28,8.05,0.33,-1.53,514.87
2012-01-29,7.68,28.86,0.39,523.69
2012-01-30,11.73,12.09,-0.4,548.29
2012-01-31,10.84,1.23,-0.64,549.53
2012-02-01,9.41,10.42,-1.11,556.59
2012-02-02,8.15,0.01,-1.2,559.39
2012-02-03,7.05,0,-2.71,558.8
2012-02-04,6.15,0,-3.25,558.39
2012-02-05,5.45,0,-2.97,558.19
2012-02-06,4.85,0,-2.9,557.94
2012-02-07,4.33,0.93,-1.8,557.65
2012-02-08,4.07,5.61,0.3,561.33
2012-02-09,3.93,5.84,1.59,563.86
2012-02-10,4.1,6.77,1.91,562.85
2012-02-11,4.44,2.85,0.37,561.17
2012-02-12,4.45,0.52,-0.62,560.65
2012-02-13,4.23,2.37,-0.46,562.1
2012-02-14,3.98,5.26,-2.98,564.97
2012-02-15,3.68,0.03,-3.24,566.94
2012-02-16,3.44,4.92,-1.8,569.36
2012-02-17,3.3,14.23,-0.47,574.76
2012-02-18,3.77,25.66,-2.5,596.5
2012-02-19,3.61,2.56,-4.48,611.43
2012-02-20,3.4,11.87,-2.3,616.61
2012-02-21,5.45,43.56,1.2,637.41
2012-02-22,22.87,39.57,-0.28,664.46
2012-02-23,21.13,3.66,-3.01,677.43
2012-02-24,13.55,10.59,-0.7,680.46
2012-02-25,11.05,21.91,-3.67,701.86
2012-02-26,9.18,4.49,-5.98,712.52
2012-02-27,7.93,0.03,-7.49,713.65
2012-02-28,6.98,8.8,-6.76,715.13
2012-02-29,6.29,16.87,-5.55,730.48
2012-03-01,5.66,3.25,-5.46,740.08
2012-03-02,5.12,8.73,-2.66,745.6
2012-03-03,5.13,9.54,0.16,757.8
2012-03-04,5.4,0.03,0.74,759.26
2012-03-05,5.45,16.31,-2.46,765.9
2012-03-06,5.29,2.4,-6.13,775.74
2012-03-07,4.87,0,-4.36,775.85
2012-03-08,4.61,0,1.01,775.8
2012-03-09,4.5,0.18,2.44,775.58
2012-03-10,4.5,8.91,0.04,778.41
2012-03-11,4.84,20.82,-2.05,795.65
2012-03-12,4.73,28.97,-2,812.56
2012-03-13,4.85,13.59,-4.28,840.6
2012-03-14,4.5,16.59,-3.4,850.26
2012-03-15,5.05,29.88,0.88,873.42
2012-03-16,7.32,9.94,-0.54,888.14
2012-03-17,6.98,8.62,-1.75,896.84
2012-03-18,6.11,4.4,-3.59,900.49
2012-03-19,5.34,3.12,-5.18,903.24
2012-03-20,4.96,25.95,-2.09,919.63
2012-03-21,4.66,11.78,-2.93,936.36
2012-03-22,4.3,6.44,-2.24,948.12
2012-03-23,4,0.26,-2.29,948.84
2012-03-24,3.74,0.08,-0.17,948.6
2012-03-25,3.58,2.47,1.83,948.72
2012-03-26,3.47,2.74,0.13,949.5
2012-03-27,3.39,13.36,1.87,952.29
2012-03-28,3.49,8.66,0.46,957.1
2012-03-29,3.79,39.25,1.06,974
2012-03-30,7.37,24.22,0.26,997.87
2012-03-31,8.45,14.94,0.39,1008.88
2012-04-01,7.49,14.06,-1.37,1020.64
2012-04-02,6.46,0.16,1,1024.24
2012-04-03,5.88,5,0.57,1022.93
2012-04-04,5.41,5.52,-1.51,1025.51
2012-04-05,5.01,8.01,-2.05,1032.39
2012-04-06,4.61,2.25,-2.36,1036.77
2012-04-07,4.16,0.01,-1.53,1037.38
2012-04-08,3.88,0.04,2.32,1036.28
2012-04-09,3.72,0,4.3,1031.66
2012-04-10,3.86,0.22,5.11,1019.8
2012-04-11,4.4,8.29,1.69,1010.41
2012-04-12,4.77,1.68,1.32,1008.07
2012-04-13,4.75,2.1,2.13,1005.37
2012-04-14,4.56,0.05,2.33,1001.85
2012-04-15,4.44,0.1,3.27,996.33
2012-04-16,5.05,17.47,1.94,993.39
2012-04-17,6.6,2.94,0.25,990.76
2012-04-18,6.25,5.12,1.33,991.01
2012-04-19,5.8,17.78,1.82,987.98
2012-04-20,9.38,13.46,2.73,983.13
2012-04-21,12,0,6.19,971.41
2012-04-22,12.19,0,10.32,947.49
2012-04-23,15.87,0.07,10.85,917.94
2012-04-24,18.86,1.74,6.56,892.31
2012-04-25,17.18,9.72,5.83,872.52
2012-04-26,17.09,12.34,2.06,860.33
2012-04-27,14.96,5.6,0.84,861.19
2012-04-28,11.79,0.18,3.32,856.01
2012-04-29,10.16,0.78,4.81,843.15
2012-04-30,10.97,26.05,1.67,836.67
2012-05-01,12.71,10.28,0.14,842.65
2012-05-02,11.09,2.34,0.77,844.44
2012-05-03,9.88,21.85,1.59,849.84
2012-05-04,10.27,9.05,0.23,855.46
2012-05-05,9.52,2.67,0.31,856.44
2012-05-06,8.61,0,4.83,851.82
2012-05-07,8.14,0,8.22,838.57
2012-05-08,8.45,0.28,7.32,817.85
2012-05-09,9.64,0.62,0.71,802.77
2012-05-10,8.96,0.11,1.45,800.46
2012-05-11,8.1,0,5.65,794.75
2012-05-12,7.61,0,7.94,781.31
2012-05-13,7.98,0,12.85,759.66
2012-05-14,10.07,0,15.3,731.49
2012-05-15,13.69,0,12.28,702.93
2012-05-16,14.44,0,8.16,681.23
2012-05-17,12.5,0.04,5.06,666.51
2012-05-18,10.56,0,4.18,656.09
2012-05-19,9.24,0.01,7.17,645.13
2012-05-20,8.64,6.48,6.83,633.35
2012-05-21,9.69,15.69,5.76,619.28
2012-05-22,13.32,15.58,2.51,610.04
2012-05-23,13.15,16.58,2.02,611.29
2012-05-24,11.72,8.1,2.93,606.44
2012-05-25,10.23,0.5,5.46,595.28
2012-05-26,9.34,2.99,6.78,581.93
2012-05-27,8.94,0.35,5.91,565.6
2012-05-28,8.92,2.62,5.01,549.25
2012-05-29,8.71,0.02,4.54,535.63
2012-05-30,8.26,0.13,7.74,520.47
2012-05-31,8.61,4.2,8.73,499.48
2012-06-01,11.24,5.75,10.08,475.18
2012-06-02,13.39,5.6,6.63,449.82
2012-06-03,11.77,0.1,6.06,434.5
2012-06-04,9.85,15.38,6.48,421.14
2012-06-05,10.3,15.43,2.2,413.53
2012-06-06,9.53,0.79,2.77,411.09
2012-06-07,8.57,11.82,3.43,405.18
2012-06-08,9.29,5.13,2.86,397.17
2012-06-09,8.73,3.5,3.09,390.25
2012-06-10,8.03,0.1,6.18,378.71
2012-06-11,7.86,0.39,10.28,361.64
2012-06-12,8.47,4.92,8.87,341.2
2012-06-13,9.46,1.64,5.14,323.26
2012-06-14,8.97,0.02,6.75,310.83
2012-06-15,8.31,0,10.14,293.71
2012-06-16,8.5,1.61,11.81,271.76
2012-06-17,11.12,5.48,8.08,247.42
2012-06-18,11.45,12.78,4.38,232.69
2012-06-19,10.01,2.76,4.91,223.96
2012-06-20,8.7,0,10.9,211.34
2012-06-21,8.66,0.01,14.45,192.8
2012-06-22,9.76,10.5,9.17,173.06
2012-06-23,10.95,7.13,7.08,158.31
2012-06-24,10.06,2.58,7.24,146.81
2012-06-25,8.59,5.98,7.58,135.81
2012-06-26,8.08,3.71,5.69,126.68
2012-06-27,7.65,0,10.63,118.31
2012-06-28,7.58,1.36,12.26,107.4
2012-06-29,8.15,0.32,11.81,96.22
2012-06-30,8.63,8.09,12.31,85.98
2012-07-01,9.1,0.86,10.65,75.51
2012-07-02,8.68,1.55,9.72,67.77
2012-07-03,8.5,11.37,6.63,60.67
2012-07-04,8.42,0,10.23,55.04
2012-07-05,7.49,0.05,12.86,47.78
2012-07-06,7.42,0.36,15.58,39.95
2012-07-07,7.98,0.19,17.88,32.49
2012-07-08,8.96,0.68,20.37,25.64
2012-07-09,10.02,0.9,18.04,18.92
2012-07-10,9.92,0.03,16.46,13.09
2012-07-11,8.7,0,17.34,8.88
2012-07-12,8.08,0.05,16.49,5.55
2012-07-13,7.84,0.29,15.61,3.33
2012-07-14,7.56,2.29,16.68,1.88
2012-07-15,7.26,0.93,12.07,0.9
2012-07-16,6.65,0.45,15.41,0.43
2012-07-17,6.41,5.32,17.42,0.15
2012-07-18,6.53,0.78,16.1,0.05
2012-07-19,6.32,1.84,18.53,0.01
2012-07-20,6.23,8.19,13.28,0
2012-07-21,5.74,0.1,13.97,0
2012-07-22,5.24,1.59,10.57,0
2012-07-23,4.73,0.17,9.06,0
2012-07-24,4.26,0,14.39,0
2012-07-25,4.28,0.33,17.75,0
2012-07-26,4.47,0.36,17.79,0
2012-07-27,4.28,0.31,13.64,0
2012-07-28,3.86,0.05,13.2,0
2012-07-29,3.61,0.06,14.06,0
2012-07-30,3.42,0.13,12.53,0
2012-07-31,3.32,0.05,13.47,0
2012-08-01,3.23,0,13.92,0
2012-08-02,3.16,0.06,12.95,0
2012-08-03,3.07,0,16.78,0
2012-08-04,3,0,21.09,0
2012-08-05,3.14,0,22.55,0
2012-08-06,3.21,0.31,20.87,0
2012-08-07,3.14,0.27,19.16,0
2012-08-08,3.07,0.23,15.03,0
2012-08-09,2.88,0,15.29,0
2012-08-10,2.62,0,15.2,0
2012-08-11,2.5,0,18.13,0
2012-08-12,2.43,0,21.31,0
2012-08-13,2.48,0,19.86,0
2012-08-14,2.46,0,18.47,0
2012-08-15,2.46,0,19.87,0
2012-08-16,2.29,0,21.75,0
2012-08-17,2.18,0,23.24,0
2012-08-18,2.18,0.08,21.22,0
2012-08-19,2.13,0.57,17.45,0
2012-08-20,2.13,0,15.95,0
2012-08-21,1.99,0.03,13.86,0
2012-08-22,1.96,0.02,11.94,0
2012-08-23,1.85,0.04,9.56,0
2012-08-24,1.73,0.03,11.55,0
2012-08-25,1.65,0,15.61,0
2012-08-26,1.6,0.14,15.8,0
2012-08-27,1.59,0.02,13.4,0
2012-08-28,1.6,0.36,12.19,0
2012-08-29,1.59,0.09,10.23,0
2012-08-30,1.46,0,12.46,0
2012-08-31,1.39,0,11.71,0
2012-09-01,1.37,0,10.68,0
2012-09-02,1.35,0,11.53,0
2012-09-03,1.32,0,12.66,0
2012-09-04,1.32,0,14.7,0
2012-09-05,1.33,0,16.15,0
2012-09-06,1.33,0,16.01,0
2012-09-07,1.32,0,17.79,0
2012-09-08,1.3,0.18,18.54,0
2012-09-09,1.28,1.11,11.28,0
2012-09-10,1.26,3.33,7.49,0
2012-09-11,1.19,0.01,8.81,0
2012-09-12,1.12,0,11.6,0
2012-09-13,1.12,0,15.56,0
2012-09-14,1.25,0,17.95,0
2012-09-15,1.35,0,15.5,0
2012-09-16,1.48,0,15.24,0
2012-09-17,1.48,0,17.99,0
2012-09-18,1.49,0,18.7,0
2012-09-19,1.52,0,18.89,0
2012-09-20,1.29,0,19.6,0
2012-09-21,1.23,0.03,15.78,0
2012-09-22,1.21,0.26,11.15,0
2012-09-23,1.17,0,12.57,0
2012-09-24,1.16,0.19,12.8,0
2012-09-25,1.33,0.04,10.06,0
2012-09-26,1.28,0,12.03,0
2012-09-27,1.14,0,15.19,0
2012-09-28,1.1,0.02,14.85,0
2012-09-29,1.01,0.06,11.77,0
2012-09-30,0.91,0.01,11.49,0
2012-10-01,0.88,0.06,13.88,0
2012-10-02,0.89,0.12,9.37,0
2012-10-03,0.86,0,6.69,0
2012-10-04,0.78,0,7.02,0
2012-10-05,0.73,0,6.85,0
2012-10-06,0.68,0,7.92,0
2012-10-07,0.65,0,11.18,0
2012-10-08,0.65,0,11.38,0
2012-10-09,0.65,0,11.21,0
2012-10-10,0.66,0,11.02,0
2012-10-11,0.67,0,10.63,0
2012-10-12,0.67,4.48,7.06,0
2012-10-13,0.71,8.9,7.68,0
2012-10-14,0.97,16.02,9.19,0
2012-10-15,2.18,39.94,9.66,0
2012-10-16,4.42,18.58,3.86,1
2012-10-17,2.46,0.11,4.52,1.77
2012-10-18,1.7,6.49,8.92,1.1
2012-10-19,2.44,28.32,6.5,1.13
2012-10-20,4.37,12.16,-0.51,10.37
2012-10-21,3.23,5.78,-1.74,17.67
2012-10-22,2.51,9.72,-1.97,22.1
2012-10-23,2.15,2.06,-1.29,25.61
2012-10-24,1.87,4.91,-0.75,27.79
2012-10-25,1.69,0.54,-0.11,27.46
2012-10-26,1.55,6.98,0.85,27.78
2012-10-27,1.71,33.99,2.8,28.28
2012-10-28,8.28,21.39,5.87,21.23
2012-10-29,17.34,29.4,6.52,11.18
2012-10-30,17.81,31.22,7.25,5.15
2012-10-31,19.56,6.32,6.14,2.58
2012-11-01,12.01,12.56,4.17,2.41
2012-11-02,9.2,6.29,5.44,1.87
2012-11-03,7.77,7.57,6.56,0.95
2012-11-04,7.25,3.4,8.25,0.38
2012-11-05,7.11,3.86,7.99,0.14
2012-11-06,6.44,1.7,9.8,0.07
2012-11-07,5.9,4.25,1.19,1.32
2012-11-08,5.17,2.58,-0.25,2.64
2012-11-09,4.61,0.3,-1.37,3.79
2012-11-10,4.19,0.27,-2.57,3.83
2012-11-11,3.88,12.96,-1.38,6.2
2012-11-12,4.23,12.46,1.16,20.52
2012-11-13,4.19,3.25,1.8,19.92
2012-11-14,4.1,3.26,0.58,20.49
2012-11-15,3.98,0.07,-1.06,19.26
2012-11-16,3.6,0.3,1.24,17.84
2012-11-17,3.47,17.16,1.13,19.42
2012-11-18,3.75,19.71,-0.58,27.65
2012-11-19,6.79,66.12,2.14,49.38
2012-11-20,18.86,10.97,0.8,58.52
2012-11-21,13.57,16.8,-1.71,68.21
2012-11-22,10.18,0.2,-2.52,74.73
2012-11-23,8.89,28.08,0.66,75.31
2012-11-24,16.85,2.83,0.32,73.2
2012-11-25,12.94,0.04,-3.19,72.39
2012-11-26,9.9,0,-4.37,71.84
2012-11-27,8.21,0,-1.63,71.29
2012-11-28,7.12,2.95,-0.15,71.06
2012-11-29,6.39,12.13,1.58,74.22
2012-11-30,6.41,17.37,1.87,78.21
2012-12-01,8.17,14.6,1.16,85.89
2012-12-02,8.29,28.47,0.13,99.73
2012-12-03,8.45,17.3,0.66,115.03
2012-12-04,9.94,30.62,2,124.54
2012-12-05,13.67,5.73,-2.04,129.72
2012-12-06,11.19,21.73,-2.13,138.67
2012-12-07,9.94,28.16,-2.6,168.76
2012-12-08,8.89,8.08,-4.1,184.97
2012-12-09,7.75,5.63,-2.4,189.77
2012-12-10,7.26,1.42,-0.02,193.3
2012-12-11,6.83,6.05,-2.15,194.72
2012-12-12,6.3,5.21,-2.95,202.42
2012-12-13,5.85,0.56,-4.12,203.93
2012-12-14,5.41,4.43,-3.56,207.64
2012-12-15,4.99,12.47,-5.9,212.72
2012-12-16,4.78,28.7,-4,230.37
2012-12-17,5.41,34.7,-3.63,273.17
2012-12-18,5.19,2.35,-8.1,285.99
2012-12-19,4.75,27.62,-5.15,296.34
2012-12-20,4.78,22.61,-2.49,330.15
2012-12-21,4.54,4.19,-4.07,338.65
2012-12-22,4.14,5.77,-2.8,344.35
2012-12-23,3.91,10.3,-3.24,349.5
2012-12-24,3.74,4.69,-3.95,360.77
2012-12-25,3.58,15.65,-4.24,370.35
2012-12-26,3.4,5.7,-3.21,379.58
2012-12-27,3.32,6.31,-2.78,387.28
2012-12-28,3.16,0.12,-3.07,389.43
2012-12-29,3,0.74,-4.36,389.69
2012-12-30,2.86,0.03,-5.63,390.14
2012-12-31,2.72,0.06,-6.48,390.11
2013-01-01,2.6,0,-7.89,390.14
2013-01-02,2.51,0,-7.34,390.05
2013-01-03,2.41,1.73,-6.59,390.03
2013-01-04,2.39,3.93,-1.85,394.73
2013-01-05,2.53,4.38,-2.26,397.12
2013-01-06,2.5,5.36,-2,401.96
2013-01-07,2.81,30.59,-0.24,423.14
2013-01-08,3.49,14.36,0.61,436.84
2013-01-09,4.82,16.67,-1.2,447.8
2013-01-10,4.91,2.32,-6.06,454.19
2013-01-11,4.4,0.2,-8.45,455.81
2013-01-12,3.98,0,-11.13,455.69
2013-01-13,3.65,0,-12.06,455.59
2013-01-14,3.42,0.75,-8.56,455.79
2013-01-15,3.13,0.06,-3.08,456.47
2013-01-16,2.95,0,0.49,456.54
2013-01-17,2.81,0,2.48,456.57
2013-01-18,2.72,0,5.55,456.54
2013-01-19,2.67,0,3.38,456.47
2013-01-20,2.69,0,-0.26,456.41
2013-01-21,2.85,0,-0.36,456.26
2013-01-22,2.99,0,-1.12,456.11
2013-01-23,3.06,5.47,-1.33,457.59
2013-01-24,3.14,5.36,-1.05,462.5
2013-01-25,3.39,8.25,0.52,469.69
2013-01-26,3.63,5.96,-2.16,474.49
2013-01-27,3.61,9.43,-3.36,480.96
2013-01-28,3.58,24.41,-2.99,496.08
2013-01-29,3.84,19.94,-1.08,521.84
2013-01-30,4.56,15.17,-0.32,536.37
2013-01-31,5.9,6.81,0.01,542.72
2013-02-01,6.22,0.84,0.85,543.16
2013-02-02,5.76,0,0.63,541.53
2013-02-03,5.31,0.49,-0.03,541.24
2013-02-04,4.87,0.86,0.98,541.82
2013-02-05,4.57,9.99,-0.53,545.14
2013-02-06,4.42,7.93,-0.95,555.13
2013-02-07,4.24,5.04,-2.47,561.06
2013-02-08,3.95,0.01,-4.51,561.3
2013-02-09,3.67,0.18,-3.23,561.29
2013-02-10,3.42,0.02,-1.65,561.41
2013-02-11,3.21,1.47,-1.85,561.84
2013-02-12,3.06,6.56,-0.45,564.91
2013-02-13,3.06,4.78,-0.49,570.51
2013-02-14,3.07,0.99,-0.75,571.19
2013-02-15,3,0,0.98,570.59
2013-02-16,3.06,7.9,-0.25,572
2013-02-17,3.16,1.47,-3.07,577.02
2013-02-18,3.07,0.61,-2.79,577.22
2013-02-19,2.99,1.45,-2.18,578.13
2013-02-20,2.86,1.68,-2.9,579.3
2013-02-21,2.78,12.98,-2.31,585.98
2013-02-22,2.86,27.43,-1.9,605.83
2013-02-23,2.97,12.57,-3.6,628.8
2013-02-24,2.76,0.89,-3.37,633.65
2013-02-25,2.79,18.79,-3.16,645.25
2013-02-26,2.71,0.89,-2.53,653.01
2013-02-27,2.6,1.67,-0.68,654.17
2013-02-28,2.85,22.49,1.24,663.45
2013-03-01,4.3,3.25,3.37,664.06
2013-03-02,5.81,4.32,2.07,657.34
2013-03-03,5.94,1.97,-2.86,658.25
2013-03-04,5.38,0,-3.44,658.15
2013-03-05,4.82,1.35,-1.58,658.15
2013-03-06,4.42,13.34,-0.89,664.19
2013-03-07,4.16,3.32,-0.58,674.65
2013-03-08,3.81,0.02,-1.04,674.67
2013-03-09,3.53,0,-0.4,674.4
2013-03-10,3.35,2.88,-0.36,675.41
2013-03-11,3.21,2.34,0.81,676.76
2013-03-12,3.28,2.49,3.17,674.52
2013-03-13,3.91,1.99,3.83,666.62
2013-03-14,4.92,3.53,4.57,656.85
2013-03-15,6.22,3.59,3.03,648.46
2013-03-16,6.98,16.97,-0.35,647.4
2013-03-17,7.02,10.93,-3.81,660.51
2013-03-18,6.2,6.4,-2.92,668.92
2013-03-19,5.4,11.03,-2.04,672.28
2013-03-20,5.4,31.56,-0.81,696.08
2013-03-21,6.13,12.05,-4.56,712.57
2013-03-22,5.55,3.66,-5.81,720.49
2013-03-23,4.98,0.01,-4.92,721.41
2013-03-24,4.56,0.17,-3.94,721.2
2013-03-25,4.21,0.01,0.42,721.17
2013-03-26,3.96,1.18,3.02,720.96
2013-03-27,3.81,3.79,2.66,717.66
2013-03-28,3.79,0.47,3.08,710.82
2013-03-29,3.82,0.71,4.5,702.41
2013-03-30,4.09,0,5.91,691.34
2013-03-31,4.89,0,8.23,677.02
2013-04-01,6.48,0.71,5.69,662.06
2013-04-02,7.72,0.66,4.33,646.12
2013-04-03,7.89,0.02,6.3,631.94
2013-04-04,7.81,14.87,4.78,619.13
2013-04-05,11.73,28.24,3.05,609.61
2013-04-06,15.7,16.43,1.04,610.27
2013-04-07,13.67,25.82,-0.63,625.67
2013-04-08,11.38,3.4,0.15,634.45
2013-04-09,9.25,0.08,2.18,632.67
2013-04-10,8.47,9.82,1.98,627.72
2013-04-11,10.04,2.5,0.31,625.7
2013-04-12,8.85,10.09,0.44,626.6
2013-04-13,8.03,21.4,-2.98,643.21
2013-04-14,7.14,3.99,-2.08,655.67
2013-04-15,6.37,4.86,-1.06,658.6
2013-04-16,5.74,4.35,-0.9,662.18
2013-04-17,5.2,0.13,0.12,663.29
2013-04-18,4.82,4.82,1.31,662.25
2013-04-19,5.81,23.88,2.11,666.49
2013-04-20,8.8,6.19,1.27,664.95
2013-04-21,8.96,4.95,0.36,662.81
2013-04-22,8.05,0,2.29,660.11
2013-04-23,7.12,0.01,3.08,655.72
2013-04-24,6.36,0,5.16,650.1
2013-04-25,6.09,0,7.47,637.59
2013-04-26,6.43,0,8.59,618.93
2013-04-27,7.49,3.68,5.81,604.23
2013-04-28,8.1,7.56,3.34,592.61
2013-04-29,8.99,13.43,0.16,591.96
2013-04-30,8.15,1.72,-0.75,592.87
2013-05-01,6.77,0,3.88,591.7
2013-05-02,5.97,0,7.58,584.25
2013-05-03,5.97,0.02,9.57,566.11
2013-05-04,6.93,0,9.28,543.95
2013-05-05,8.87,0,10.51,522.59
2013-05-06,10.84,0.18,13.3,498.46
2013-05-07,12.57,0.64,11.88,471.15
2013-05-08,13.72,0.35,11.42,443.68
2013-05-09,14.21,0.01,13.11,416.75
2013-05-10,14.67,0.11,14.65,390.13
2013-05-11,15.47,0.06,15.33,361.62
2013-05-12,16.12,2.48,10.83,335.16
2013-05-13,15.17,12.96,5.6,313.73
2013-05-14,13.79,0.01,5.16,301.89
2013-05-15,10.72,5.19,5.76,291.07
2013-05-16,9.03,6.59,6.96,276.54
2013-05-17,9.01,8.67,5.19,261.34
2013-05-18,8.77,4.98,3.94,250.59
2013-05-19,8.31,1.79,5.66,238.53
2013-05-20,7.94,0.02,8.76,223.71
2013-05-21,8.31,13.8,3.99,210.09
2013-05-22,8.36,19.47,0.3,219.5
2013-05-23,7.54,7.71,1.65,224.76
2013-05-24,7.04,4.48,3.14,221.36
2013-05-25,6.53,0.49,4.96,213.66
2013-05-26,6.23,4.45,5.8,204.28
2013-05-27,6.41,16.99,4.63,194.65
2013-05-28,7.81,5.38,5.55,185.26
2013-05-29,8.57,16.93,3.71,178.8
2013-05-30,9.25,5.19,3.96,172.01
2013-05-31,8.57,0.24,6.49,162.48
2013-06-01,8.03,0.31,9.03,150.01
2013-06-02,7.94,0.31,8.2,136.48
2013-06-03,7.61,0,9.66,123.11
2013-06-04,7.74,0,13.08,107.99
2013-06-05,8.5,0,14.57,92.5
2013-06-06,9.53,0.07,14.67,77.61
2013-06-07,9.88,0.26,10.48,66.14
2013-06-08,8.97,0.01,10.96,57.03
2013-06-09,8.64,0.06,8.86,48.9
2013-06-10,8.05,0.03,9.19,42.64
2013-06-11,7.46,2.01,5.67,37.62
2013-06-12,6.64,4.03,6.22,34.48
2013-06-13,6.13,5.82,6.08,31.42
2013-06-14,5.73,0.14,8.31,28.21
2013-06-15,5.59,0.27,13.06,24.59
2013-06-16,6.09,4.82,12.74,20.43
2013-06-17,6.69,0.86,11.98,16.06
2013-06-18,6.48,3.66,9.61,12.91
2013-06-19,5.97,6.78,7.2,10.77
2013-06-20,5.4,11.01,5.65,9.07
2013-06-21,5.74,1.9,7.69,7.67
2013-06-22,5.47,0.22,12.41,5.97
2013-06-23,5.73,6.5,11.88,4.23
2013-06-24,6.44,8.63,9.67,3.06
2013-06-25,6.37,10.5,10.14,2.21
2013-06-26,6.22,2.86,10.37,1.51
2013-06-27,6.09,0.89,13.53,0.94
2013-06-28,5.76,0.42,18.11,0.46
2013-06-29,6.7,3.33,18.24,0.15
2013-06-30,6.84,0.01,20.84,0.04
2013-07-01,6.97,0.71,22.37,0.01
2013-07-02,7.05,0.06,20.45,0
2013-07-03,6.72,0,16.31,0
2013-07-04,5.8,0.02,12.09,0
2013-07-05,4.84,0.09,10.68,0
2013-07-06,4.38,0.09,13.8,0
2013-07-07,4.21,0.57,14.86,0
2013-07-08,4.16,0.07,15.31,0
2013-07-09,3.81,0.01,17.56,0
2013-07-10,3.79,0,15.34,0
2013-07-11,3.6,0,11.57,0
2013-07-12,3.25,0.62,10.16,0
2013-07-13,2.79,0,13.29,0
2013-07-14,2.62,0,15.91,0
2013-07-15,2.64,0,17.19,0
2013-07-16,2.6,0.09,19.8,0
2013-07-17,2.65,0.56,16.89,0
2013-07-18,2.72,0,16.7,0
2013-07-19,2.55,0,18.11,0
2013-07-20,2.43,0,17.08,0
2013-07-21,2.36,0,16.09,0
2013-07-22,2.34,0.07,16.81,0
2013-07-23,2.3,0,18.66,0
2013-07-24,2.23,0,18.7,0
2013-07-25,2.13,0,18.54,0
2013-07-26,2.06,0,17.99,0
2013-07-27,2.01,0,14.88,0
2013-07-28,1.92,0.02,12.95,0
2013-07-29,1.83,0.31,14.75,0
2013-07-30,1.78,0.37,16.17,0
2013-07-31,1.8,1.93,16.44,0
2013-08-01,1.78,2.17,12.92,0
2013-08-02,1.74,1.17,10.73,0
2013-08-03,1.62,0.39,14.79,0
2013-08-04,1.57,0.13,17.7,0
2013-08-05,1.61,0.22,18.46,0
2013-08-06,1.65,0,18.75,0
2013-08-07,1.6,0,18.16,0
2013-08-08,1.54,1.25,16.81,0
2013-08-09,1.51,8.98,17.34,0
2013-08-10,1.6,13.65,16.1,0
2013-08-11,1.65,7.89,14.43,0
2013-08-12,1.56,0.25,14.61,0
2013-08-13,1.45,0,16.43,0
2013-08-14,1.4,0.29,17.58,0
2013-08-15,1.41,2.23,15.8,0
2013-08-16,1.45,0.15,16.34,0
2013-08-17,1.44,0.24,15.09,0
2013-08-18,1.36,0.02,15.37,0
2013-08-19,1.31,0.03,14.41,0
2013-08-20,1.26,0.04,15.1,0
2013-08-21,1.22,0,17.89,0
2013-08-22,1.21,0.21,18.96,0
2013-08-23,1.15,0.76,15.16,0
2013-08-24,1.13,0.25,13.2,0
2013-08-25,1.12,3.9,12.52,0
2013-08-26,1.08,2.42,12.55,0
2013-08-27,1.09,0.75,15.27,0
2013-08-28,1.22,4.71,15.59,0
2013-08-29,1.44,23.67,13.91,0
2013-08-30,1.67,1.16,13.64,0
2013-08-31,1.39,0,16.42,0
2013-09-01,1.27,0.43,17.65,0
2013-09-02,1.26,0.56,15.38,0
2013-09-03,1.27,2.52,14.35,0
2013-09-04,1.21,0.99,14.83,0
2013-09-05,1.18,21.63,13.53,0
2013-09-06,2.81,43.68,10.94,0
2013-09-07,2.64,0.32,13.02,0
2013-09-08,1.83,0,14.31,0
2013-09-09,1.63,0.01,15.31,0
2013-09-10,1.55,0,17.63,0
2013-09-11,1.49,0,19.59,0
2013-09-12,1.47,0,19.69,0
2013-09-13,1.48,0.05,17.49,0
2013-09-14,1.45,0,19.07,0
2013-09-15,1.37,4.14,16.95,0
2013-09-16,1.38,6.18,9.82,0
2013-09-17,1.48,2.93,8.3,0
2013-09-18,1.47,1.16,7.79,0
2013-09-19,1.34,0,10.88,0
2013-09-20,1.28,2.16,11.74,0
2013-09-21,1.27,3.87,8.93,0
2013-09-22,1.1,17.18,6.34,0.01
2013-09-23,1.48,14.14,6.31,0.01
2013-09-24,1.63,4.23,5.38,0
2013-09-25,1.33,6.71,4.75,1.37
2013-09-26,1.22,1.61,4.84,1.05
2013-09-27,1.2,11.53,4.32,0.86
2013-09-28,3.58,63.77,7.14,0.75
2013-09-29,12,41.62,3.88,4
2013-09-30,16.5,25.04,2.94,8.88
2013-10-01,15,11.29,2.25,10.67
2013-10-02,10.06,5.64,2.57,10.45
2013-10-03,7.72,0.77,3,9.7
2013-10-04,6.22,0,5.15,6.62
2013-10-05,5.17,0,8.38,3.62
2013-10-06,4.61,0,9.88,1.56
2013-10-07,4.44,15.28,4.56,1.09
2013-10-08,5.27,14.28,2.14,5.22
2013-10-09,5.36,0,2.66,5.46
2013-10-10,4.61,0.53,3.36,3.83
2013-10-11,4.12,1.69,4.42,2.58
2013-10-12,3.77,5.37,3.94,2.96
2013-10-13,3.44,0,3.75,2.39
2013-10-14,3.14,0,4.65,1.52
2013-10-15,2.88,0,5.17,0.95
2013-10-16,2.69,0,6.35,0.56
2013-10-17,2.51,0,6.76,0.29
2013-10-18,2.34,0,7.32,0.14
2013-10-19,2.2,0,8.64,0.07
2013-10-20,2.1,0,8.96,0.03
2013-10-21,2.01,0,10.37,0.01
2013-10-22,1.92,0,10.1,0
2013-10-23,1.87,0,9.44,0
2013-10-24,1.8,0,9.3,0
2013-10-25,1.74,0,8.63,0
2013-10-26,1.67,0,7.04,0
2013-10-27,1.62,5,3.09,1.06
2013-10-28,1.57,0.06,2.25,1.48
2013-10-29,1.48,0,1.97,1.24
2013-10-30,1.41,0.06,2.34,1
2013-10-31,1.51,6.7,3.05,0.75
2013-11-01,1.73,0.51,5.13,0.47
2013-11-02,2.11,27.61,1.59,5.11
2013-11-03,2.86,8.19,-1.67,17.83
2013-11-04,2.37,2.18,-1.45,20.06
2013-11-05,2.36,10.57,1.25,21.39
2013-11-06,2.62,5.16,0.85,17.86
2013-11-07,4.17,33.25,2.3,16.73
2013-11-08,8.07,5.62,0.34,24.21
2013-11-09,6.62,3.93,-0.52,23.95
2013-11-10,5.41,0.19,4.1,22.43
2013-11-11,4.99,0.01,2.93,17.92
2013-11-12,4.68,6.01,4.03,13.82
2013-11-13,4.77,1.01,2.87,10.65
2013-11-14,4.33,2.41,1,9.91
2013-11-15,3.98,21.29,-0.74,15.47
2013-11-16,4.28,19.61,-1.72,41.17
2013-11-17,4.03,15.73,-0.01,54.54
2013-11-18,5.2,24.42,1.57,61.81
2013-11-19,10.55,12.56,-0.65,67.38
2013-11-20,10.06,0.18,-5.51,67.48
2013-11-21,7.6,0,-8.44,67.22
2013-11-22,6.27,0,-6.83,66.94
2013-11-23,5.31,0,-3.35,66.31
2013-11-24,4.63,0,0.99,64.86
2013-11-25,4.17,0,0.37,62.91
2013-11-26,3.81,0,0.52,61.44
2013-11-27,3.51,0.01,0.41,59.68
2013-11-28,3.28,0,1.05,57.14
2013-11-29,3.07,1.56,1.99,55.51
2013-11-30,2.92,5.01,0.95,55.39
2013-12-01,8.38,72.44,2.42,60.94
2013-12-02,25.32,14.46,-4.86,82.42
2013-12-03,14.7,0.13,-10.64,86.12
2013-12-04,10.11,0,-15.84,85.9
2013-12-05,8.1,0.16,-14.87,85.85
2013-12-06,6.86,0.47,-14.64,86.05
2013-12-07,5.76,0.02,-15.13,86.06
2013-12-08,5.01,0,-13.34,85.97
2013-12-09,4.59,0.72,-9.4,86.06
2013-12-10,4.31,2.04,-5.74,88.06
2013-12-11,4,0,-4.92,88.51
2013-12-12,3.75,8.1,-2.36,90.55
2013-12-13,3.6,7.01,0.07,99.75
2013-12-14,3.39,0.16,1.13,99.71
2013-12-15,3.2,4.59,1.46,97.68
2013-12-16,3.11,0.45,1.05,94.93
2013-12-17,2.95,0.37,3.15,93.15
2013-12-18,2.83,4.56,-1.96,94.8
2013-12-19,2.67,0.04,-5.24,96.58
2013-12-20,2.64,22.28,-3.89,104.2
2013-12-21,3.13,9.29,-0.56,121.81
2013-12-22,3.53,9.43,0.28,127.94
2013-12-23,4.92,19.12,0.28,133.27
2013-12-24,7,0.35,-2.96,137.78
2013-12-25,5.83,0,0.2,137.38
2013-12-26,5.01,0,2.61,136.6
2013-12-27,4.5,1.55,1.11,136.22
2013-12-28,4.17,0.12,-2.16,136.67
2013-12-29,3.89,0,-0.2,136.24
2013-12-30,3.65,0.53,2.46,136
2013-12-31,3.61,3.16,0.47,137.59
2014-01-01,3.44,0.36,1.09,137.57
2014-01-02,3.28,8.51,3.19,136.87
2014-01-03,3.56,6.35,-2.97,145.77
2014-01-04,3.32,0,-3.72,146.59
2014-01-05,3.13,0,-3.53,146.31
2014-01-06,2.99,0.19,-0.86,145.93
2014-01-07,2.92,9.29,0.54,149.32
2014-01-08,2.97,23.88,0.59,156.9
2014-01-09,3.75,18.13,-1.47,174.02
2014-01-10,4.35,21.77,0.24,191.67
2014-01-11,6.83,40.53,0.66,209.38
2014-01-12,9.74,37.51,-0.26,245.95
2014-01-13,11.24,9.09,0.93,259.97
2014-01-14,11.58,0.57,1.43,259.11
2014-01-15,9.52,0,1.47,257.23
2014-01-16,7.93,0,2,256.21
2014-01-17,7.02,0,2.6,254.95
2014-01-18,6.6,0,2.7,253.73
2014-01-19,6.27,0,2.3,253
2014-01-20,5.76,0,-1.25,252.51
2014-01-21,5.27,0,1.71,251.84
2014-01-22,4.92,0.34,0.4,251.35
2014-01-23,4.61,0,-0.7,250.8
2014-01-24,4.3,0,-0.47,249.96
2014-01-25,4.02,0,3.03,248.92
2014-01-26,3.81,0,3.79,247.79
2014-01-27,3.61,0.07,-0.7,246.93
2014-01-28,3.46,6.94,1.69,246.9
2014-01-29,5.1,36.25,1.3,253.73
2014-01-30,7.35,9.94,-1.89,265.72
2014-01-31,6.48,6.15,-2.55,273.73
2014-02-01,5.57,1.01,-2.58,276.46
2014-02-02,4.8,0.53,-4.39,276.49
2014-02-03,4.35,1.26,-5.35,277.45
2014-02-04,3.91,0.42,-10.51,277.71
2014-02-05,3.42,0.04,-16.37,277.3
2014-02-06,3.16,5.72,-15.98,278.21
2014-02-07,3.13,4.09,-10.72,284.01
2014-02-08,2.97,15.51,-9.69,291.29
2014-02-09,2.81,7.79,-4.55,306.05
2014-02-10,2.79,18.44,-1.2,316.31
2014-02-11,3.42,20.04,0.37,334.23
2014-02-12,4.96,21.63,1.17,349.51
2014-02-13,6.79,15.07,-0.11,360.65
2014-02-14,7.05,24.54,0.02,374.19
2014-02-15,7.44,24.92,-0.85,384.13
2014-02-16,8.5,20.7,-1.88,405.2
2014-02-17,8.73,51.3,-1.07,451.42
2014-02-18,8.57,34.52,-1.52,481.08
2014-02-19,8.28,17.56,-3.8,508.29
2014-02-20,7.53,23.72,-1.69,530.14
2014-02-21,6.86,2.41,-3.01,541.18
2014-02-22,6.04,3.46,-4.38,542.62
2014-02-23,5.31,7.99,-1.15,548.28
2014-02-24,4.92,12.65,0.37,556.02
2014-02-25,5.64,1.75,-0.34,559.62
2014-02-26,5.76,0.12,-0.1,558.08
2014-02-27,5.54,1.85,1.12,557.83
2014-02-28,5.38,0.18,1.04,555.9
2014-03-01,5.26,2.87,-3.19,554.35
2014-03-02,5.1,27.31,-1.52,566.02
2014-03-03,7.54,26.36,0.86,589.45
2014-03-04,11.65,12.02,1.46,598.27
2014-03-05,15.63,35.35,2.82,595.24
2014-03-06,27.06,26.78,1.49,595.64
2014-03-07,25.14,2.6,1.36,599.98
2014-03-08,18.16,23.03,2.04,597.27
2014-03-09,27.41,18.12,3.13,589.14
2014-03-10,27.94,16.08,0.19,590.49
2014-03-11,19.56,0.16,0.99,592.91
2014-03-12,14.51,0,1.89,590.64
2014-03-13,11.89,0.06,2.97,588.65
2014-03-14,11.07,17.99,1.31,592.39
2014-03-15,11.11,0.87,2.24,591.48
2014-03-16,11.42,27.09,1.7,588.36
2014-03-17,13.78,9.57,-2.61,605
2014-03-18,11.89,0.64,-1.44,607.15
2014-03-19,10.34,9.41,-1.44,610.41
2014-03-20,9.24,3.74,-3.1,617.5
2014-03-21,8.14,0.01,-1.62,618.31
2014-03-22,7.37,0,-0.9,617.69
2014-03-23,6.76,0.07,1.34,616.81
2014-03-24,6.23,0,2.35,614.63
2014-03-25,5.94,10.98,1.79,612.92
2014-03-26,6.09,6.81,0.25,614.9
2014-03-27,5.94,8.58,0.24,619.2
2014-03-28,6.25,18.84,1.02,626.05
2014-03-29,7.49,11.53,0.36,631.05
2014-03-30,8.15,7.17,-0.42,638.28
2014-03-31,7.63,0.06,-0.04,638.04
2014-04-01,6.86,2.88,1.47,636.97
2014-04-02,6.25,0.09,1.44,634.54
2014-04-03,5.71,4.12,1.56,632.04
2014-04-04,5.4,4.96,0.73,633.82
2014-04-05,5.19,16.01,1.16,634.3
2014-04-06,6.72,5.05,3.22,635.7
2014-04-07,7.3,0,7.23,623.8
2014-04-08,7.7,8.08,6.08,609.28
2014-04-09,9.13,0.26,1.75,599.31
2014-04-10,8.84,0,2.89,595.51
2014-04-11,7.84,0.03,3.88,589.64
2014-04-12,7.19,0.07,3.62,580.75
2014-04-13,6.58,0,3.85,573.11
2014-04-14,6.2,0.13,4.33,565.18
2014-04-15,5.92,2.14,1.51,558.54
2014-04-16,5.81,7.96,2.07,556.76
2014-04-17,6.46,21.76,2.09,554.65
2014-04-18,7.91,2.76,0.46,558.51
2014-04-19,7.47,9.92,0.94,559.06
2014-04-20,7.09,0.4,3.14,559.55
2014-04-21,6.5,4.38,4.61,553.22
2014-04-22,6.43,10.87,0.69,551.3
2014-04-23,6.65,31.58,0.4,567.3
2014-04-24,8.43,17.91,1.75,580.87
2014-04-25,10.18,4.5,1.11,578.78
2014-04-26,8.87,5.21,0.83,577.82
2014-04-27,8.01,10.19,-0.12,583.86
2014-04-28,7.49,1.15,1.52,585.59
2014-04-29,6.91,0,5.3,579.99
2014-04-30,6.57,0,7.46,567.6
2014-05-01,7.23,0,12.21,550.26
2014-05-02,9.03,1.93,10.39,531.39
2014-05-03,10.58,13.4,4.23,515.39
2014-05-04,10.58,15.51,3.06,510.16
2014-05-05,11.14,4.98,3.13,504.3
2014-05-06,10.28,0.87,3.97,496.19
2014-05-07,9.32,0.57,5.5,487.61
2014-05-08,8.71,19.06,3.74,480.16
2014-05-09,10.39,16.17,1.93,478.57
2014-05-10,10.97,5.9,2.56,477.66
2014-05-11,9.67,0.54,6.56,470.2
2014-05-12,8.82,0,7.61,460.29
2014-05-13,8.43,0,12.1,447.54
2014-05-14,8.87,0,15.78,428.12
2014-05-15,11.09,0.16,15.2,405.49
2014-05-16,12.8,0.09,9.65,382.72
2014-05-17,11.61,0.65,6.57,366.84
2014-05-18,9.97,7.42,5.25,355.71
2014-05-19,9.1,2.44,6.32,343.74
2014-05-20,8.43,0.03,8.39,329.86
2014-05-21,8.42,0.04,9.63,312.32
2014-05-22,8.77,0.24,12.62,292.1
2014-05-23,10.02,3.77,10.08,272.42
2014-05-24,10.37,0.1,7.32,255.9
2014-05-25,9.13,3.77,6.97,244.13
2014-05-26,8.73,8.24,6.62,229.82
2014-05-27,9.03,0.53,6.11,218.87
2014-05-28,7.91,4.01,4.49,209.88
2014-05-29,7.28,1.7,5.31,200.26
2014-05-30,6.72,0.78,9.42,188.71
2014-05-31,6.77,0.94,10.22,174.27
2014-06-01,7.4,0.09,10.23,159.49
2014-06-02,7.72,1.33,11.24,144.82
2014-06-03,8.14,0.23,9.8,130.8
2014-06-04,7.93,0.02,10.21,119.45
2014-06-05,7.54,0.22,10.57,108.42
2014-06-06,7.14,0,11.23,99.53
2014-06-07,6.77,0.04,11.1,91.17
2014-06-08,6.76,0.05,11.47,81.91
2014-06-09,7.02,0.06,10.2,72.51
2014-06-10,7,0.1,8.39,65.37
2014-06-11,6.11,0.01,12.18,58.59
2014-06-12,5.94,5.4,9.44,51.41
2014-06-13,6.39,15.59,4.91,47.39
2014-06-14,5.83,1.4,5.19,43.58
2014-06-15,5.24,7.34,5.73,39.48
2014-06-16,5.27,9.01,3.8,37.58
2014-06-17,4.89,4.66,5.41,36.15
2014-06-18,4.54,0.51,7.96,32.02
2014-06-19,4.63,0.19,11.04,27.99
2014-06-20,5.15,1.73,8.61,23.99
2014-06-21,5.22,0.02,10.33,21.53
2014-06-22,4.64,0,13.52,18.23
2014-06-23,4.91,1.25,14.52,14.35
2014-06-24,5.54,1,11.57,11.06
2014-06-25,5.22,1.92,13.46,8.6
2014-06-26,5.45,8.76,11.22,6.52
2014-06-27,5.85,14.79,9.9,4.87
2014-06-28,7.91,12.57,9.14,3.73
2014-06-29,7.4,3.06,9.17,2.92
2014-06-30,6.29,0,14.12,2.22
2014-07-01,5.8,0,18.56,1.43
2014-07-02,6.08,0.35,17.22,0.72
2014-07-03,5.88,0.03,11.78,0.31
2014-07-04,5.24,0.11,12.96,0.13
2014-07-05,4.91,0.01,15.48,0.05
2014-07-06,4.78,0,17.3,0.02
2014-07-07,5.03,0,18.36,0
2014-07-08,4.99,0,18.79,0
2014-07-09,4.84,0,17.07,0
2014-07-10,4.63,0,16.88,0
2014-07-11,4.3,0,19.68,0
2014-07-12,3.98,0.12,21.46,0
2014-07-13,4.14,1.02,21.69,0
2014-07-14,4.05,0.01,19.64,0
2014-07-15,4.12,0.01,21.16,0
2014-07-16,4.03,0,20.71,0
2014-07-17,3.79,0,16.01,0
2014-07-18,3.42,0.07,15.16,0
2014-07-19,3.06,1.74,15.47,0
2014-07-20,3.3,1.03,11.82,0
2014-07-21,3,0.01,13.32,0
2014-07-22,2.79,10.04,13.3,0
2014-07-23,3.16,23.52,10.2,0
2014-07-24,4.16,5.02,8.62,0
2014-07-25,3.28,0.26,13.07,0
2014-07-26,2.83,0,15.32,0
2014-07-27,2.6,0,18.4,0
2014-07-28,2.5,0.02,20.55,0
2014-07-29,2.58,0.01,20.15,0
2014-07-30,2.53,0,19.23,0
2014-07-31,2.44,0.08,20.1,0
2014-08-01,2.37,0.48,20.91,0
2014-08-02,2.34,1.33,20.99,0
2014-08-03,2.32,1.05,21.03,0
2014-08-04,2.34,0.01,21.16,0
2014-08-05,2.25,0,17.46,0
2014-08-06,2.11,0.05,14.73,0
2014-08-07,1.99,0.02,14.61,0
2014-08-08,1.92,0,13.88,0
2014-08-09,1.85,0,16.41,0
2014-08-10,1.73,0,21.19,0
2014-08-11,1.74,0.42,23.81,0
2014-08-12,1.85,13.3,19.26,0
2014-08-13,3.13,6.33,14.93,0
2014-08-14,2.64,10.36,13.39,0
2014-08-15,2.34,1.68,13.5,0
2014-08-16,1.99,0.06,15.49,0
2014-08-17,1.89,0.06,16.47,0
2014-08-18,1.97,0.32,18.46,0
2014-08-19,1.94,1.26,16.32,0
2014-08-20,1.87,0.06,12.76,0
2014-08-21,1.68,0.03,12.61,0
2014-08-22,1.48,0.85,12.63,0
2014-08-23,1.39,0.32,14.56,0
2014-08-24,1.38,2.08,14.49,0
2014-08-25,1.42,0,15.75,0
2014-08-26,1.39,0,18.31,0
2014-08-27,1.51,0,18.35,0
2014-08-28,1.48,0.07,14.49,0
2014-08-29,1.41,0.25,13.02,0
2014-08-30,1.36,5.59,10.76,0
2014-08-31,1.41,0.31,9,0
2014-09-01,1.24,0,11.61,0
2014-09-02,1.18,4.5,9.74,0
2014-09-03,1.18,1.68,8.51,0
2014-09-04,1.16,0,12.12,0
2014-09-05,1.12,0,14.49,0
2014-09-06,1.09,0,16.64,0
2014-09-07,1.09,0,17.31,0
2014-09-08,1.09,0.11,12.83,0
2014-09-09,1.02,0.1,10.21,0
2014-09-10,1.01,0,11.43,0
2014-09-11,0.98,0,8.89,0
2014-09-12,0.93,0,12,0
2014-09-13,0.92,0,13.73,0
2014-09-14,0.91,0,15.39,0
2014-09-15,0.95,0,17.8,0
2014-09-16,1.14,0.01,16.24,0
2014-09-17,1.32,0.3,16.11,0
2014-09-18,1.35,1.49,11.35,0
2014-09-19,1.37,0.01,13.13,0
2014-09-20,1.36,0,15.9,0
2014-09-21,1.28,0,18.63,0
2014-09-22,1.19,0.33,14.99,0
2014-09-23,1.28,4.87,13.58,0
2014-09-24,1.63,17.39,11.61,0
2014-09-25,1.75,3.39,10.32,0
2014-09-26,1.41,4.22,8.73,0
2014-09-27,1.43,0,10.76,0
2014-09-28,1.15,0,12.23,0
2014-09-29,0.95,3.69,9.58,0
2014-09-30,0.89,7.23,6.59,0
